Name,URL
Another Day, Another Spreadsheet,https://docs.google.com/spreadsheets/d/1tllev3oDdvoUaJIFbBK0iMSrAgr0SxPWebHNATwh__U/edit?usp=drivesdk
Another Day, Another Spreadsheet,https://docs.google.com/spreadsheets/d/1A3WyxGBGVKtiAjHXIiy5VmsmrkZO_srSXKLnlx_u-m0/edit?usp=drivesdk
200.png,https://drive.google.com/file/d/1qiVo3da2v1Ubf6bSn2vdIM00IzeHcqFm/view?usp=drivesdk
199.png,https://drive.google.com/file/d/18vvNvye-FLqEFr8kZH91R4IyN2vxa9i9/view?usp=drivesdk
198.png,https://drive.google.com/file/d/1TwTuTg-Dl8XM4mAnmdhoZkXTNiquPcKK/view?usp=drivesdk
196.png,https://drive.google.com/file/d/16uMybduBMjGCwdK0NATvqE7k4q3oPcJR/view?usp=drivesdk
195.png,https://drive.google.com/file/d/1vFOzDG7Q1LSxrKpRxD9bRK35eFBX40ic/view?usp=drivesdk
194.png,https://drive.google.com/file/d/1vx6RGaQvEN91zrj0MNz4iE84AsjmdXhI/view?usp=drivesdk
193.png,https://drive.google.com/file/d/1s_MMVL2Z8ZA3IjtMQWYJZuNTyoSGTfXE/view?usp=drivesdk
192.png,https://drive.google.com/file/d/1E42YLVmGautoF3J30rLQDwrU5iMbTdzW/view?usp=drivesdk
191.png,https://drive.google.com/file/d/1eRxBUsUlhg6ohEl4AbxA-jLMal8zywjW/view?usp=drivesdk
190.png,https://drive.google.com/file/d/1va1Tb9fWxx7STV9-Qh9TRmpT_Z9R31lu/view?usp=drivesdk
189.png,https://drive.google.com/file/d/1SSYve64q2bXluPDAa9Dpy3dLCXq0fXgh/view?usp=drivesdk
188.png,https://drive.google.com/file/d/1ViYaGBNLMzkNBIBNlYbycgsgfw9FOGuP/view?usp=drivesdk
187.png,https://drive.google.com/file/d/1Ttr-TitB_b_P_zBUrpjRoZQ6fvJ6BEgg/view?usp=drivesdk
186.png,https://drive.google.com/file/d/1eMPfpcnQJx_RoAJwR5M6azJCp4Wx-MyA/view?usp=drivesdk
185.png,https://drive.google.com/file/d/11fV4aXikIaNRK39Ga5HYsJQDQF9dlPhj/view?usp=drivesdk
184.png,https://drive.google.com/file/d/1hCPoJJfaqbC8Nok6iuWfOlB4k86HWqsY/view?usp=drivesdk
183.png,https://drive.google.com/file/d/1W48MAbgf_cfx5y9ZkQJvvxeknr_LU0at/view?usp=drivesdk
182.png,https://drive.google.com/file/d/19E9cFkNWWh_z77N_xRrlS6oMj5kXTP1e/view?usp=drivesdk
180.png,https://drive.google.com/file/d/1EfFu6M-lIi7eytWHJdd0DUtt6YB-siaR/view?usp=drivesdk
179.png,https://drive.google.com/file/d/1sT_tLSRL4E3pKN1yhahhtQJCExwnWSmk/view?usp=drivesdk
temp.png,https://drive.google.com/file/d/1r8qNHcd1gmnOEa35hOPDubM5AvyjstJc/view?usp=drivesdk
99.png,https://drive.google.com/file/d/1PLsgJ2hM_OxeoZWebPpd0BEU7LgJYjhf/view?usp=drivesdk
98.png,https://drive.google.com/file/d/1ySjOz5pIWl7zLvaCENDS5BWv90nqjhZh/view?usp=drivesdk
97.png,https://drive.google.com/file/d/1Fx3FhjNblOVI-hTVprA9HWXp25mlYLUF/view?usp=drivesdk
96.png,https://drive.google.com/file/d/1MsA6Z9oNAlrCXlKKdqiCRde8DNhDHztI/view?usp=drivesdk
95.png,https://drive.google.com/file/d/181XqlaHZDdWRtRQAZzX8f0QGLju0KN6_/view?usp=drivesdk
94.png,https://drive.google.com/file/d/1K3iIbOA_22TG4mIrCzT0Pt1LRTn0wNuZ/view?usp=drivesdk
93.png,https://drive.google.com/file/d/1BESny7I6M-1VoqEgLlocy68UyTFMj9Pe/view?usp=drivesdk
92.png,https://drive.google.com/file/d/1DIW5OYZ9L84S-JKitd9z5B0IFHRjCc-a/view?usp=drivesdk
91.png,https://drive.google.com/file/d/1zMU7LlqJPVA65QviQ62jC8JAC82U-D21/view?usp=drivesdk
90.png,https://drive.google.com/file/d/1pzGxcHOgQj-rEbZfA3NxByIxB1SJ8Rzm/view?usp=drivesdk
9.png,https://drive.google.com/file/d/1B4S3Vm1ctX8OFyYr3XXQe4BVbRai6L2A/view?usp=drivesdk
89.png,https://drive.google.com/file/d/1LsNap7Oc0-A9l7aNYen4Pa5u9382va-V/view?usp=drivesdk
88.png,https://drive.google.com/file/d/1iY9a9WG_X8wzGSStGwTuT482yYo48fQg/view?usp=drivesdk
87.png,https://drive.google.com/file/d/1oZ3DlXoBZPsLZoXvtVNxk0bMLtATz6Au/view?usp=drivesdk
86.png,https://drive.google.com/file/d/1oeFH4wrFmgvtqMGWkWZFa_BwXXnHwy34/view?usp=drivesdk
85.png,https://drive.google.com/file/d/1Y024Pw2nfyFZVYdosA7wTMrTJttVjMfN/view?usp=drivesdk
84.png,https://drive.google.com/file/d/1mlCOtnR4goWCBnvaSXp0i8CFwKmDy-d9/view?usp=drivesdk
83.png,https://drive.google.com/file/d/13KUhRmmQc85zWZ7mKecP-o_bZqqviwH0/view?usp=drivesdk
82.png,https://drive.google.com/file/d/1DIdnq4RrjHT-sJrkEPBFC---MhsAyVGs/view?usp=drivesdk
81.png,https://drive.google.com/file/d/16OcNBH02cLKT7qIWWnNF-4whvpcmuVAO/view?usp=drivesdk
80.png,https://drive.google.com/file/d/1YLjyYOR_HkWlsPVeTjvbHE--pjTktbgV/view?usp=drivesdk
8.png,https://drive.google.com/file/d/17bQlTREy1cL32qhu8GrRiirlGm2bH_CP/view?usp=drivesdk
79.png,https://drive.google.com/file/d/1oCihkY1x_c5t4XA6NMi6fVwPu82B8o91/view?usp=drivesdk
78.png,https://drive.google.com/file/d/1y9LXUav-kt-yBZNYBnSOgBrc1FhiBSON/view?usp=drivesdk
77.png,https://drive.google.com/file/d/1JVyFHTfLQrJp_UxibvkMMXXKzBP9v1eV/view?usp=drivesdk
76.png,https://drive.google.com/file/d/1wCby7M6Qhqq0XbgpFBV-dNepVNWi4JtR/view?usp=drivesdk
75.png,https://drive.google.com/file/d/1Urst85iCKu8RcO1a6aGcycehbkQNppqA/view?usp=drivesdk
74.png,https://drive.google.com/file/d/1HPv30N6LDRkFefOBxujbwrc46eUMNYm8/view?usp=drivesdk
73.png,https://drive.google.com/file/d/1u-CSkERvyyjGbNFBeo1yShHWJx4B8pC4/view?usp=drivesdk
72.png,https://drive.google.com/file/d/1AMWp7AczKwFXTLbC0jxETovBJpda2ety/view?usp=drivesdk
71.png,https://drive.google.com/file/d/1nXu0BKvoFM-8w7yeDi-8hGwgZcGK3vRx/view?usp=drivesdk
70.png,https://drive.google.com/file/d/1eg1DQYbPMIietcos4qgzrWUSB8ut-Eh2/view?usp=drivesdk
7.png,https://drive.google.com/file/d/1HJOqMelbsvYVHa0I9KulXJJf3PU0VVJI/view?usp=drivesdk
69.png,https://drive.google.com/file/d/1QQFWPkP7NX2WLegqnTXGB1EEi-DHL3k-/view?usp=drivesdk
68.png,https://drive.google.com/file/d/1HlLcCIw-zUZrCN0EFbkyOngkM6G-UNSc/view?usp=drivesdk
67.png,https://drive.google.com/file/d/1UfZFWYFmLmp0zFXLqVsdpVC0xITsDfcD/view?usp=drivesdk
66.png,https://drive.google.com/file/d/1vFWqEcME0PUcDd2uOQuYmRIUuN1Nvnb3/view?usp=drivesdk
65.png,https://drive.google.com/file/d/1jWkqzUVNngjqM0yDubJmUIrKB2uRUd7R/view?usp=drivesdk
64.png,https://drive.google.com/file/d/1JzInJhiAu_oSnZ2jyMIOo0RykNeAPlIy/view?usp=drivesdk
63.png,https://drive.google.com/file/d/1aitNeBhzWOTDJrwf0j6TWccM3JoRcoBG/view?usp=drivesdk
62.png,https://drive.google.com/file/d/1U4SkjvD9UOySL5lPFOIYkdVCJPM4Gd6C/view?usp=drivesdk
61.png,https://drive.google.com/file/d/1Syc6OQR3TITW2JOqEgpMAj33e7UiQ50E/view?usp=drivesdk
60.png,https://drive.google.com/file/d/17DE8XkQ9VzARKpuhMi4Kw1XpYAAmguc4/view?usp=drivesdk
6.png,https://drive.google.com/file/d/1p1yXbxT3OBRLZuJxEJhXhwSSl0ZZOy_z/view?usp=drivesdk
59.png,https://drive.google.com/file/d/1oLpVouPnfuI71hP74kB2qMXA7myS77o6/view?usp=drivesdk
58.png,https://drive.google.com/file/d/1mBxSHn0qrD7FrDk2nwKEORdzA-es7s7u/view?usp=drivesdk
57.png,https://drive.google.com/file/d/1cF4gdJJ1655zD4g5fRT45QrMrlsCsJyB/view?usp=drivesdk
56.png,https://drive.google.com/file/d/1-rCnJyHZKE3TSlIODNfrllepWhWQ6B1K/view?usp=drivesdk
55.png,https://drive.google.com/file/d/12JJDQViHe5RiDe9sw3IbM9mXRgdg1FTI/view?usp=drivesdk
54.png,https://drive.google.com/file/d/1z2JUKGh3x8xlRrmC3b1zA58l8JdlkdTX/view?usp=drivesdk
53.png,https://drive.google.com/file/d/18pMNN-3bcvnCvi4KIGvUBJkV_GfYBUce/view?usp=drivesdk
52.png,https://drive.google.com/file/d/19Xkkn5lq9LcKFkRSI2hqMYml60fF6I4t/view?usp=drivesdk
51.png,https://drive.google.com/file/d/1304lyURwMUMQHGb5H23mowCnUvaZyYWV/view?usp=drivesdk
50.png,https://drive.google.com/file/d/1rBUofnJmoLY4DSnIqZOiyjvgOte1ewi-/view?usp=drivesdk
5.png,https://drive.google.com/file/d/1vk7-_usHqW7LrTAgy_YFz945D6H_XlHl/view?usp=drivesdk
49.png,https://drive.google.com/file/d/17z_9wb1dXehqDjVN0GQu12R7BHE7KLHz/view?usp=drivesdk
48.png,https://drive.google.com/file/d/1lMqH3BIWwPtZOneSp7SbLoZv-ww6VidL/view?usp=drivesdk
47.png,https://drive.google.com/file/d/1v7qvsViXhv8HwKCotBl_iDvVQU-MQeCU/view?usp=drivesdk
45.png,https://drive.google.com/file/d/1YeYHVk0v_31blhtRNlbYsnPcbU2jLYAw/view?usp=drivesdk
44.png,https://drive.google.com/file/d/1vw97yfmUWu48yLwE3_YtQRAdbn65XbYI/view?usp=drivesdk
43.png,https://drive.google.com/file/d/1YhB1CWSu4Pzj3CBT2E14QBuR2GnPndaZ/view?usp=drivesdk
42.png,https://drive.google.com/file/d/1Kkb1bjY4kPuF6cxyEv8-0ZiBivLjQXM7/view?usp=drivesdk
41.png,https://drive.google.com/file/d/1ns5lgMvNm89-YFU4FeJ1C5fSCZpuBeKB/view?usp=drivesdk
40.png,https://drive.google.com/file/d/1PmsqntCNlw06LtKM9cTGU6F_0V_J5f40/view?usp=drivesdk
4.png,https://drive.google.com/file/d/1uYCAte00zqSL95A1IA7O1k9X5vQQnp2Q/view?usp=drivesdk
38.png,https://drive.google.com/file/d/1WptNwY5ekvApuI4WiolCk1WJb-4GeIII/view?usp=drivesdk
37.png,https://drive.google.com/file/d/14r_BC3-DJf1e7728RLbkq2TlxM9UkFN6/view?usp=drivesdk
36.png,https://drive.google.com/file/d/19h-5phM3Te9gAssMsq6tvDx0eQ5Z0EZG/view?usp=drivesdk
35.png,https://drive.google.com/file/d/1LpOXM3BZ3a3bfOgAhJSmkIGVvXDiLK2e/view?usp=drivesdk
34.png,https://drive.google.com/file/d/1LlZ_lY_P33ks2rTfA99lAJHi0u_I4Ju-/view?usp=drivesdk
33.png,https://drive.google.com/file/d/1Pd_CbUh4TPUZGOM7b5euBMKkypgDGocn/view?usp=drivesdk
32.png,https://drive.google.com/file/d/1Il-0ojTW_jduW98Ce40GTFASfaHrJBpB/view?usp=drivesdk
31.png,https://drive.google.com/file/d/1M3Bk8mpcN83IL1aOfP3kEXuzKQCu_amV/view?usp=drivesdk
30.png,https://drive.google.com/file/d/1Dhb_VCsNaco_WK0Kf53lcP2tgoTDlmUy/view?usp=drivesdk
3.png,https://drive.google.com/file/d/18TUoICPJxggswKT37ZNKubR6gWp55A3d/view?usp=drivesdk
29.png,https://drive.google.com/file/d/1fSSYP9C8oeDPvrvy2cbRX_3cH172W6lo/view?usp=drivesdk
28.png,https://drive.google.com/file/d/1ZpPbGZaYCy1SSFSeMRXwd1s2R4jpN31K/view?usp=drivesdk
27.png,https://drive.google.com/file/d/1rhCaMrvIrKrvKO0qhcfqq_0YP5U0Rg98/view?usp=drivesdk
26.png,https://drive.google.com/file/d/1d5bR8VnUEK0MVlcu1zLXXy8kRNc3bq_I/view?usp=drivesdk
25.png,https://drive.google.com/file/d/155-yU4eudBD4gYo647U692UZcgVEy-hi/view?usp=drivesdk
24.png,https://drive.google.com/file/d/1ocsn34wJIpPgd5Ldi9sTbraWwjTcUDHH/view?usp=drivesdk
23.png,https://drive.google.com/file/d/1oCCP4wUr2OY0YxWIoAmFGZohvj4sH7Yi/view?usp=drivesdk
22.png,https://drive.google.com/file/d/1UMKyhVgalm8vaKeX1WjTjpSqt77BMp0D/view?usp=drivesdk
21.png,https://drive.google.com/file/d/18kHC_Gvlwwno90QzW6azVWL42WMGsAPI/view?usp=drivesdk
20.png,https://drive.google.com/file/d/11b_BweuSGaWS8CLryEboy74ji5UC0JZB/view?usp=drivesdk
2.png,https://drive.google.com/file/d/1c-JsFj4cIYigR3YhCo1BURs31nyUokEx/view?usp=drivesdk
19.png,https://drive.google.com/file/d/1Y1Tw7M6UZAAE9E9PXEWCaco9KdASOBv2/view?usp=drivesdk
18.png,https://drive.google.com/file/d/1DXYZRT6bzaXfXSmKVY89Omf3X8ruPf6_/view?usp=drivesdk
178.png,https://drive.google.com/file/d/1FZoCNv2FAX5CKVMYgBGd6PIqEq7rT4C1/view?usp=drivesdk
177.png,https://drive.google.com/file/d/1Dr7gkirMakHnJ3T3ExuSn8IkynkkfqGX/view?usp=drivesdk
176.png,https://drive.google.com/file/d/1XBLljEQUKShCZgBwulMdw4s4F1ToPeDI/view?usp=drivesdk
175.png,https://drive.google.com/file/d/1O1Y1sAZ5gQKQTMniLYWRnzBwWsC-yLtu/view?usp=drivesdk
174.png,https://drive.google.com/file/d/1wT-P2vGWHMy6Rc7_ejN6LM2zEGObf6hm/view?usp=drivesdk
173.png,https://drive.google.com/file/d/1FBtknj55zMNQX8H17I-EaUIySz_jajIN/view?usp=drivesdk
172.png,https://drive.google.com/file/d/1G8bMt0SeFnRO4TFzT3CgognO8Ngpgj0G/view?usp=drivesdk
171.png,https://drive.google.com/file/d/1uBuykc9L3lByALmKXOshvIeD0yCX2RG5/view?usp=drivesdk
170.png,https://drive.google.com/file/d/19Qy6hg9B543HWDEnoBulepCmPs_zpyWr/view?usp=drivesdk
17.png,https://drive.google.com/file/d/1FTzN0SaFSpaJSqKXddyyucTNuyuIIaqp/view?usp=drivesdk
169.png,https://drive.google.com/file/d/14Wdl2r3Jjbh0UKl-ZGB_f3qBDirYlvx1/view?usp=drivesdk
168.png,https://drive.google.com/file/d/1mH0AvKPZHqZwDR5K4_UjNrMVALFvN16t/view?usp=drivesdk
167.png,https://drive.google.com/file/d/1BTjiG9Edt9tXARHUi5RzOg982tz03yFx/view?usp=drivesdk
166.png,https://drive.google.com/file/d/12QlsaGe8WViTEo0WRmzx1SuF5rgSigfV/view?usp=drivesdk
165.png,https://drive.google.com/file/d/14PFOzNq0frhf9o5LIAXbr2wBWJk3ym6L/view?usp=drivesdk
164.png,https://drive.google.com/file/d/1mo4tEsc8L8DQfrkLfYQEl7ijbobz4SW3/view?usp=drivesdk
163.png,https://drive.google.com/file/d/1eTuK8CnwSX2OoTjemSkaGnOALfhuTELU/view?usp=drivesdk
162.png,https://drive.google.com/file/d/17V_BjHEc8PmLb3LDSMTc69lSJtqX1SJt/view?usp=drivesdk
161.png,https://drive.google.com/file/d/1ChhQR63LM1yVDtOX3rRH24z0_aKghf8W/view?usp=drivesdk
160.png,https://drive.google.com/file/d/1-EdH9Ls20UfyKZYHYlz_fmEBykjXiyA3/view?usp=drivesdk
16.png,https://drive.google.com/file/d/112EtgHz5lAlZ4liYCBOQ_ImMLVyPWF_L/view?usp=drivesdk
159.png,https://drive.google.com/file/d/1HFUDPO5kMohtZb5DZAbt15dvBYopWXWo/view?usp=drivesdk
158.png,https://drive.google.com/file/d/1YeupSA8mVssVtkdV6vjkITHdt_PumhMq/view?usp=drivesdk
157.png,https://drive.google.com/file/d/1CS8PmIh-KApaV2y5nJQFCoH9pUM8I2KR/view?usp=drivesdk
156.png,https://drive.google.com/file/d/150r_dKMIZXV8DnTr24kwgmvZC3oaJnJM/view?usp=drivesdk
155.png,https://drive.google.com/file/d/1aqr-Gc0zbRBps1A7TH9pX5a395m84Qk4/view?usp=drivesdk
154.png,https://drive.google.com/file/d/1YtPi8huQuNxXQ_Md2Snt7-AtaxL2UWPx/view?usp=drivesdk
153.png,https://drive.google.com/file/d/1S92Af53E66pSpBr6rcEF31Tqdy6_9cBU/view?usp=drivesdk
152.png,https://drive.google.com/file/d/1I4I1XI4lMsx6RfS34IFf7_kvL8zVCeip/view?usp=drivesdk
151.png,https://drive.google.com/file/d/1nlqHZIGJf2K-viPLulX2sLE4pc4HHjrr/view?usp=drivesdk
150.png,https://drive.google.com/file/d/1OoZmOkHzJbwsFmoXqpsWKY6SdjsC9Dge/view?usp=drivesdk
15.png,https://drive.google.com/file/d/1t2SDxGbGgw9Xexay-2GddRfdEWpW5r3f/view?usp=drivesdk
149.png,https://drive.google.com/file/d/1lR5ErjKxWMzC0ILvFeTsUJnNXg_8sn4x/view?usp=drivesdk
148.png,https://drive.google.com/file/d/1ttrKNcvxLobQUaM0V4g_yZtblVmpuzbL/view?usp=drivesdk
146.png,https://drive.google.com/file/d/1NZHQjCEjmbiUNhAkU1XoVFVGiOkuS7Ci/view?usp=drivesdk
145.png,https://drive.google.com/file/d/1vhAz-tvlfoi4yAIjd36hE8Unax11EV9T/view?usp=drivesdk
144.png,https://drive.google.com/file/d/1037wYEB0w9uYpPXjM1XXsQSFtjDdw6b3/view?usp=drivesdk
143.png,https://drive.google.com/file/d/15Mn6DYvgJyl9ua1mZh7sKWfVX-i8KQ3U/view?usp=drivesdk
141.png,https://drive.google.com/file/d/14H2xAK6AZR6Q0CTL8snRC2-TvNJj_xfl/view?usp=drivesdk
140.png,https://drive.google.com/file/d/1acOUVF65LSGCIhZUH3CcMoiGiFJbOd74/view?usp=drivesdk
14.png,https://drive.google.com/file/d/11cw1nIy3vLvV5nDiXXsPBKUz1AilRZaQ/view?usp=drivesdk
139.png,https://drive.google.com/file/d/1gHKuoDzihg383uQpgoNvfXAizVd6glda/view?usp=drivesdk
138.png,https://drive.google.com/file/d/1Ye8iwuO3HO_qZBqOGhZApE2Af6kgViGE/view?usp=drivesdk
137.png,https://drive.google.com/file/d/11gWT82vM7yJInjyB8OOsJ1iPzq6M2bSH/view?usp=drivesdk
136.png,https://drive.google.com/file/d/1Tvwn7dKWjnipkXT5s7i8QkDWVEBsNmbD/view?usp=drivesdk
135.png,https://drive.google.com/file/d/14kaMcn83hjUgpxdKkjkx__tHvmVxqbPE/view?usp=drivesdk
134.png,https://drive.google.com/file/d/10y3UVzSLhWGSPFijpuYlrKxiAFbjxyUr/view?usp=drivesdk
133.png,https://drive.google.com/file/d/1E4siEF1DrDV-O3sk6aZJKGYQ5haDklrX/view?usp=drivesdk
132.png,https://drive.google.com/file/d/1w5jSIRVnHpsXEt0x0J6J5OUMo-MzOb_x/view?usp=drivesdk
131.png,https://drive.google.com/file/d/1UBMAv-khM8zN6xQLzoLF1oZUkBvqQlLn/view?usp=drivesdk
130.png,https://drive.google.com/file/d/1o0_wgHEPpK7p0X4dIHJ9iiNFHY9n_PVF/view?usp=drivesdk
130.png,https://drive.google.com/file/d/1E4QDRDTGhW6UhBREZr-YxUb4tOtseHi8/view?usp=drivesdk
13.png,https://drive.google.com/file/d/1FQe6ZjTPdk3val1Py4GJvrQ11O3Q_iO6/view?usp=drivesdk
129.png,https://drive.google.com/file/d/1JLRHQnkNfk9FJFklQ4qGvcd4dBRc0Ifw/view?usp=drivesdk
128.png,https://drive.google.com/file/d/15u-tqzpvSZ-PKbik_vSsv_ZbFPNbzCEx/view?usp=drivesdk
127.png,https://drive.google.com/file/d/13WpoOdwyM1_BeKJTETiotWEmFket8nHY/view?usp=drivesdk
126.png,https://drive.google.com/file/d/1WJdn4G6qEb355TduQEj6b8LPD_9bodXH/view?usp=drivesdk
125.png,https://drive.google.com/file/d/1ZK1reO-HV3poJp3xN-HBAlgXOKc2MFzT/view?usp=drivesdk
124.png,https://drive.google.com/file/d/1UKxXzu3btMj_KSm6TZY5kPaTnPhbInnP/view?usp=drivesdk
123.png,https://drive.google.com/file/d/1QO6VdcQBao4XYhqo5cSQbEq107jm1ucI/view?usp=drivesdk
122.png,https://drive.google.com/file/d/1a054PnAsVEZu3ouVU6YwjHY7UDIw3yfO/view?usp=drivesdk
121.png,https://drive.google.com/file/d/1sONwZoY8vUIxQzxHJGk0oEwgSmSoXlUM/view?usp=drivesdk
120.png,https://drive.google.com/file/d/1UVdhCButRLsWXy1_AlBrdmt5k1obXeII/view?usp=drivesdk
12.png,https://drive.google.com/file/d/1pXogS6AapLY0Lo-pxcdDEN4Vqo7yAXOl/view?usp=drivesdk
119.png,https://drive.google.com/file/d/1B-mkHfjNNOyoRXqDudVRkWPPRBP3P7FM/view?usp=drivesdk
118.png,https://drive.google.com/file/d/1ruqsgqbBHEUm2R1msO0shmITBtZekPPp/view?usp=drivesdk
117.png,https://drive.google.com/file/d/1ObL8RcG3T1Me--Fw1mabg038hOsi0y7U/view?usp=drivesdk
116.png,https://drive.google.com/file/d/1pk45ms3preMqcfavvHPQDN4kbT1eHf_a/view?usp=drivesdk
115.png,https://drive.google.com/file/d/1YvV_TuTjAt2PNSJed30HyEXAPrE9D4dR/view?usp=drivesdk
114.png,https://drive.google.com/file/d/15rw4LInd-3jvIOfRrjE-pp1o5Xti3W5c/view?usp=drivesdk
113.png,https://drive.google.com/file/d/1xQFUGAgkQ8L0-t5Af5sJF1FJCUFTJNyv/view?usp=drivesdk
112.png,https://drive.google.com/file/d/16Eun-9PvKVsZEdQtWlg5f-wNWd0ABy40/view?usp=drivesdk
111.png,https://drive.google.com/file/d/1hWT2n7eijIlwGaxE1VAUTBkSWlyCvnCD/view?usp=drivesdk
110.png,https://drive.google.com/file/d/13o7CL_A5CxJ75ivsdRi35Prff7-J3f6n/view?usp=drivesdk
11.png,https://drive.google.com/file/d/1LfI9tFYHTahMD0-DMXxx4zjWAV-gc8sU/view?usp=drivesdk
109.png,https://drive.google.com/file/d/1Nj3DmeGydJPNf9WhvueKE1JpJpBiLj4T/view?usp=drivesdk
108.png,https://drive.google.com/file/d/1P4vfbJ0au0qXepHTS5v0mEns-oJLaROr/view?usp=drivesdk
107.png,https://drive.google.com/file/d/1bwiefMPdlVMpQokQvgFTTmMOiR1SzQ_f/view?usp=drivesdk
106.png,https://drive.google.com/file/d/1CcUHJ1-f4vkRPNAwyNI0MWI_hOJeDhYp/view?usp=drivesdk
105.png,https://drive.google.com/file/d/1hEcwU-9-_ActP6fz9uSjDBtH6i6Jpm3P/view?usp=drivesdk
104.png,https://drive.google.com/file/d/1cYAc54vHqhgAi8zN8l2CfvhEGJARpnpK/view?usp=drivesdk
103.png,https://drive.google.com/file/d/1j7qoJbXjrIUVeDWvQpbQMMhMjhQkrtzS/view?usp=drivesdk
102.png,https://drive.google.com/file/d/11TDkFAePPV2FB2ty1jqs2sxJeT1XaZhU/view?usp=drivesdk
101.png,https://drive.google.com/file/d/129_SwCmBfIwNpyMJ70gXTWgdPLblPjqn/view?usp=drivesdk
100.png,https://drive.google.com/file/d/1CKE-pP8pEXPfFI7bKiXrIKkkNNdsRKm2/view?usp=drivesdk
10.png,https://drive.google.com/file/d/1NQ4MNQH7EqQ4hh83M86aE_wQqseuFU9b/view?usp=drivesdk
Images,https://drive.google.com/drive/folders/1tpG3ZIMeCLX1zCjTVCp35gNtkLXdN4m6
